Query,Suggested_Followup,Annotation
What are the benefits of regular exercise?,How does exercise help with weight management?,"Exercise, Physical Health, Weight Loss, Fitness"
What is a balanced diet?,How does a balanced diet improve mental health?,"Nutrition, Healthy Eating, Mental Health, Wellness"
What is meditation?,How can meditation improve sleep quality?,"Mental Health, Stress Management, Mindfulness, Sleep Health"
What are the benefits of a plant-based diet?,How does a plant-based diet help in reducing cholesterol?,"Nutrition, Plant-based Diet, Heart Health, Cholesterol"
What are some ways to manage stress?,How does exercise help reduce stress?,"Mental Health, Stress Relief, Exercise, Wellness"
How can I improve my sleep?,What role does a healthy diet play in improving sleep?,"Sleep Health, Nutrition, Wellness"
How does yoga benefit your health?,What are the mental health benefits of yoga?,"Exercise, Yoga, Mental Health, Flexibility"
What is intermittent fasting?,How does intermittent fasting affect metabolism?,"Nutrition, Fasting, Metabolism, Weight Management"
What are the risks of smoking?,How does smoking affect lung health?,"Health, Smoking, Lung Health, Respiratory Issues"
What are the symptoms of depression?,How can therapy help manage depression?,"Mental Health, Therapy, Emotional Health, Depression"
What is Artificial Intelligence?,What are the types of Artificial Intelligence systems?,"Artificial Intelligence, Technology, Machine Learning, Neural Networks"
What is machine learning?,How is machine learning different from Artificial Intelligence?,"Machine Learning, Artificial Intelligence, Algorithms, Data Science"
What is blockchain technology?,How does blockchain work in cryptocurrency?,"Blockchain, Cryptocurrency, Technology, Decentralization"
What is cloud computing?,What are the advantages of using cloud computing?,"Cloud Computing, Information Technology Infrastructure, SaaS, Technology"
What is cybersecurity?,How can I protect my data from cyber threats?,"Cybersecurity, Data Protection, Privacy, Technology"
What is data science?,How does data science influence decision-making?,"Data Science, Analytics, Big Data, Technology"
What is software development?,What are the key stages in the software development lifecycle?,"Software Development, Coding, Programming, Technology"
What is cloud storage?,What are the benefits of using cloud storage?,"Cloud Storage, Information Technology Solutions, Technology"
What is the Internet of Things?,How does Internet of Things impact daily life?,"Internet of Things, Connectivity, Smart Devices, Technology"
What is quantum computing?,What are the applications of quantum computing?,"Quantum Computing, Technology, Physics, Supercomputing"
What is climate change?,What are the main causes of climate change?,"Climate Change, Global Warming, Environment, Greenhouse Gases"
What is renewable energy?,How does solar energy work?,"Renewable Energy, Solar Power, Sustainability, Clean Energy"
What is pollution?,How does pollution affect biodiversity?,"Pollution, Environment, Biodiversity, Ecological Impact"
What is sustainability?,How can we achieve sustainability in cities?,"Sustainability, Urban Planning, Environment, Green Solutions"
What is global warming?,How does global warming affect the polar ice caps?,"Global Warming, Climate Change, Ice Melting, Environment"
What is recycling?,What materials can be recycled?,"Recycling, Waste Management, Environment, Sustainability"
What is conservation?,How can we conserve water in urban areas?,"Conservation, Water Conservation, Sustainability, Environment"
What is deforestation?,How does deforestation affect the environment?,"Deforestation, Environment, Biodiversity, Conservation"
What is water conservation?,How can we conserve water at home?,"Water Conservation, Sustainability, Environment, Resource Management"
What is eco-friendly living?,What are the benefits of using renewable resources?,"Eco-friendly Living, Sustainability, Green Energy, Environment"
What is machine learning?,How does machine learning differ from traditional programming?,"Machine Learning, AI, Algorithms, Technology"
How does renewable energy work?,What are the benefits of solar power?,"Renewable Energy, Solar Power, Sustainability, Environment"
What is quantum computing?,How is quantum computing different from classical computing?,"Quantum Computing, Technology, Science, Computers"
What are the effects of climate change?,How does climate change impact biodiversity?,"Climate Change, Environment, Biodiversity, Global Warming"
What is blockchain?,How is blockchain used in finance?,"Blockchain, Cryptocurrency, Finance, Decentralization"
How can I improve my mental health?,What are effective mindfulness exercises?,"Mental Health, Mindfulness, Wellness, Stress Management"
What is the importance of data privacy?,How can individuals protect their personal data?,"Data Privacy, Security, Cybersecurity, Personal Information"
How does 5G technology work?,What are the applications of 5G in smart cities?,"5G, Technology, Connectivity, Smart Cities"
What is the role of education in society?,How does education impact economic growth?,"Education, Society, Economic Growth, Development"
What is genetic engineering?,How is CRISPR used in genetic engineering?,"Genetic Engineering, CRISPR, Science, Biotechnology"
How does artificial intelligence impact healthcare?,What are the benefits of AI in medical diagnosis?,"Artificial Intelligence, Healthcare, Medical Diagnosis, Technology"
What is the importance of biodiversity?,How does biodiversity loss affect ecosystems?,"Biodiversity, Ecosystems, Environment, Conservation"
What is the gig economy?,How does the gig economy impact workers' rights?,"Gig Economy, Labor Rights, Employment, Freelancing"
What are the benefits of exercise for children?,How does physical activity improve mental health in kids?,"Exercise, Children, Physical Activity, Mental Health"
What is sustainable development?,How does sustainable development address climate change?,"Sustainable Development, Climate Change, Environment, Economy"
What is the importance of vaccination?,How do vaccines work to prevent diseases?,"Vaccination, Health, Disease Prevention, Immunization"
What is the role of social media in society?,How does social media influence mental health?,"Social Media, Society, Mental Health, Communication"
What is cloud computing?,How does cloud computing improve business efficiency?,"Cloud Computing, Business, Technology, Efficiency"
What is the importance of water conservation?,How can individuals contribute to water conservation?,"Water Conservation, Environment, Sustainability, Resources"
What are the benefits of learning a second language?,How does bilingualism improve cognitive skills?,"Language Learning, Bilingualism, Education, Cognitive Development"
What is cybersecurity?,How can businesses protect themselves from cyberattacks?,"Cybersecurity, Technology, Business, Security"
What is the importance of recycling?,How does recycling reduce environmental pollution?,"Recycling, Environment, Pollution, Sustainability"
What is renewable energy?,How does wind power contribute to renewable energy?,"Renewable Energy, Wind Power, Sustainability, Green Technology"
What is the role of technology in education?,How does e-learning improve access to education?,"Technology, Education, E-Learning, Accessibility"
What is the importance of forests?,How do forests help combat climate change?,"Forests, Climate Change, Environment, Ecosystems"
What is the impact of deforestation?,How does deforestation affect biodiversity?,"Deforestation, Biodiversity, Environment, Conservation"
What is the importance of mental health awareness?,How can mental health awareness reduce stigma?,"Mental Health, Awareness, Stigma Reduction, Society"
What is space exploration?,How does space exploration benefit scientific research?,"Space Exploration, Science, Research, Technology"
What is sustainable agriculture?,How does sustainable farming improve food security?,"Sustainable Agriculture, Farming, Food Security, Environment"
What is artificial intelligence?,How is AI used in everyday applications?,"Artificial Intelligence, Technology, Applications, Machine Learning"
